{"count":1,"self":1.5085695,"total":1.5770012,"children":{"InitializeActuators":{"count":1,"self":0.0019949,"total":0.0019949,"children":null},"InitializeSensors":{"count":1,"self":0.0009843,"total":0.0009843,"children":null},"AgentSendState":{"count":51,"self":0.0009962,"total":0.020938599999999998,"children":{"CollectObservations":{"count":11,"self":0.00099779999999999986,"total":0.00099779999999999986,"children":null},"WriteActionMask":{"count":11,"self":0,"total":0,"children":null},"RequestDecision":{"count":11,"self":0.012960099999999999,"total":0.0189446,"children":{"AgentInfo.ToProto":{"count":11,"self":0,"total":0.0059844999999999994,"children":{"GenerateSensorData":{"count":11,"self":0.0059844999999999994,"total":0.0059844999999999994,"children":null}}}}}}},"DecideAction":{"count":51,"self":0.042520499999999996,"total":0.042520499999999996,"children":null},"AgentAct":{"count":51,"self":0.0019933999999999998,"total":0.0019933999999999998,"children":null}},"gauges":{},"metadata":{"timer_format_version":"0.1.0","start_time_seconds":"1648061364","unity_version":"2021.2.14f1","command_line_arguments":"C:\\Program Files\\Unity\\Hub\\Editor\\2021.2.14f1\\Editor\\Unity.exe","communication_protocol_version":"1.5.0","com.unity.ml-agents_version":"2.0.1","scene_name":"","end_time_seconds":"1648061366"}}