{"count":1,"self":337.62434559999997,"total":346.7693227,"children":{"InitializeActuators":{"count":1,"self":0.0010199999999999999,"total":0.0010199999999999999,"children":null},"InitializeSensors":{"count":1,"self":0.0029985999999999997,"total":0.0029985999999999997,"children":null},"AgentSendState":{"count":34231,"self":1.3728498,"total":1.5663828,"children":{"CollectObservations":{"count":6847,"self":0.09082359999999999,"total":0.09082359999999999,"children":null},"WriteActionMask":{"count":6847,"self":0.031110799999999997,"total":0.031110799999999997,"children":null},"RequestDecision":{"count":6847,"self":0.0715986,"total":0.0715986,"children":null}}},"DecideAction":{"count":34231,"self":7.3108207999999992,"total":7.4009262,"children":{"RayPerceptionSensor.Perceive":{"count":13694,"self":0.0901058,"total":0.0901058,"children":null}}},"AgentAct":{"count":34231,"self":0.1736401,"total":0.1736401,"children":null}},"gauges":{"PushTrashAvoidObs.CumulativeReward":{"count":45,"max":39.99164,"min":19.8905449,"runningAverage":36.37404,"value":39.8736343,"weightedAverage":38.1706429}},"metadata":{"timer_format_version":"0.1.0","start_time_seconds":"1675164012","unity_version":"2021.3.0f1","command_line_arguments":"C:\\Program Files\\Unity\\Hub\\Editor\\2021.3.0f1\\Editor\\Unity.exe -projectpath D:\\Facultate\\Licenta\\Repo ML_Rl\\MLAngel-MoveToBall -useHub -hubIPC -cloudEnvironment production -licensingIpc LicenseClient-Mihai -hubSessionId 192271a0-a140-11ed-9679-afc7a97219a4","communication_protocol_version":"1.5.0","com.unity.ml-agents_version":"2.0.1","scene_name":"AgentPushTrash&AvoidObstacles","end_time_seconds":"1675164359"}}