{
    "name": "root",
    "gauges": {
        "PushTrashAvoidObs.Policy.Entropy.mean": {
            "value": 1.522080421447754,
            "min": 1.1717866659164429,
            "max": 1.522080421447754,
            "count": 69
        },
        "PushTrashAvoidObs.Policy.Entropy.sum": {
            "value": 151507.890625,
            "min": 110433.7109375,
            "max": 155456.8125,
            "count": 69
        },
        "PushTrashAvoidObs.Environment.EpisodeLength.mean": {
            "value": 165.7783251231527,
            "min": 165.7783251231527,
            "max": 889.1474358974359,
            "count": 69
        },
        "PushTrashAvoidObs.Environment.EpisodeLength.sum": {
            "value": 100959.0,
            "min": 27265.0,
            "max": 138707.0,
            "count": 69
        },
        "PushTrashAvoidObs.Step.mean": {
            "value": 6899923.0,
            "min": 99871.0,
            "max": 6899923.0,
            "count": 69
        },
        "PushTrashAvoidObs.Step.sum": {
            "value": 6899923.0,
            "min": 99871.0,
            "max": 6899923.0,
            "count": 69
        },
        "PushTrashAvoidObs.Policy.ExtrinsicValueEstimate.mean": {
            "value": 22.59927749633789,
            "min": 5.4820637702941895,
            "max": 22.863605499267578,
            "count": 69
        },
        "PushTrashAvoidObs.Policy.ExtrinsicValueEstimate.sum": {
            "value": 16045.4873046875,
            "min": 2619.0390625,
            "max": 16233.16015625,
            "count": 69
        },
        "PushTrashAvoidObs.Policy.GailValueEstimate.mean": {
            "value": 0.7263237833976746,
            "min": 0.6579298377037048,
            "max": 3.4730641841888428,
            "count": 69
        },
        "PushTrashAvoidObs.Policy.GailValueEstimate.sum": {
            "value": 515.6898803710938,
            "min": 447.34326171875,
            "max": 1705.2745361328125,
            "count": 69
        },
        "PushTrashAvoidObs.Environment.CumulativeReward.mean": {
            "value": 43.292677053869724,
            "min": 14.207640655476075,
            "max": 44.00241779873059,
            "count": 69
        },
        "PushTrashAvoidObs.Environment.CumulativeReward.sum": {
            "value": 26365.240325806662,
            "min": 2216.3919422542676,
            "max": 26501.137693374418,
            "count": 69
        },
        "PushTrashAvoidObs.Policy.ExtrinsicReward.mean": {
            "value": 43.292677053869724,
            "min": 14.207640655476075,
            "max": 44.00241779873059,
            "count": 69
        },
        "PushTrashAvoidObs.Policy.ExtrinsicReward.sum": {
            "value": 26365.240325806662,
            "min": 2216.3919422542676,
            "max": 26501.137693374418,
            "count": 69
        },
        "PushTrashAvoidObs.Policy.GailReward.mean": {
            "value": 2.4957354507826945,
            "min": 2.1639388757702687,
            "max": 32.44056572683278,
            "count": 69
        },
        "PushTrashAvoidObs.Policy.GailReward.sum": {
            "value": 1519.902889526661,
            "min": 1204.4664528528592,
            "max": 5060.728253385913,
            "count": 69
        },
        "PushTrashAvoidObs.Losses.PolicyLoss.mean": {
            "value": 0.04813289269420653,
            "min": 0.04532537088569456,
            "max": 0.05302003163605165,
            "count": 69
        },
        "PushTrashAvoidObs.Losses.PolicyLoss.sum": {
            "value": 2.2141130639335005,
            "min": 1.219460727629188,
            "max": 2.281960231909276,
            "count": 69
        },
        "PushTrashAvoidObs.Losses.ValueLoss.mean": {
            "value": 4.548610587902787,
            "min": 0.6366169352372707,
            "max": 4.548610587902787,
            "count": 69
        },
        "PushTrashAvoidObs.Losses.ValueLoss.sum": {
            "value": 209.23608704352822,
            "min": 21.616847788027812,
            "max": 209.23608704352822,
            "count": 69
        },
        "PushTrashAvoidObs.Policy.LearningRate.mean": {
            "value": 6.4518177252031046e-06,
            "min": 6.4518177252031046e-06,
            "max": 0.0002977405740450677,
            "count": 69
        },
        "PushTrashAvoidObs.Policy.LearningRate.sum": {
            "value": 0.0002967836153593428,
            "min": 0.0002967836153593428,
            "max": 0.012438943510828474,
            "count": 69
        },
        "PushTrashAvoidObs.Policy.Epsilon.mean": {
            "value": 0.10215057329192545,
            "min": 0.10215057329192545,
            "max": 0.1992468577639752,
            "count": 69
        },
        "PushTrashAvoidObs.Policy.Epsilon.sum": {
            "value": 4.698926371428571,
            "min": 4.582677728571429,
            "max": 8.646314385714287,
            "count": 69
        },
        "PushTrashAvoidObs.Policy.Beta.mean": {
            "value": 0.00022484227186335407,
            "min": 0.00022484227186335407,
            "max": 0.009924761090621119,
            "count": 69
        },
        "PushTrashAvoidObs.Policy.Beta.sum": {
            "value": 0.010342744505714287,
            "min": 0.010342744505714287,
            "max": 0.41466680713285714,
            "count": 69
        },
        "PushTrashAvoidObs.Policy.GAILPolicyEstimate.mean": {
            "value": 0.09121196300140769,
            "min": 0.08775507091174681,
            "max": 0.41745290120052164,
            "count": 69
        },
        "PushTrashAvoidObs.Policy.GAILPolicyEstimate.sum": {
            "value": 4.195750298064754,
            "min": 4.092912404918698,
            "max": 15.750905091550065,
            "count": 69
        },
        "PushTrashAvoidObs.Policy.GAILExpertEstimate.mean": {
            "value": 0.9110308017659685,
            "min": 0.6075626211500533,
            "max": 0.9169795465067768,
            "count": 69
        },
        "PushTrashAvoidObs.Policy.GAILExpertEstimate.sum": {
            "value": 41.90741688123455,
            "min": 13.973940286451226,
            "max": 43.09803868581851,
            "count": 69
        },
        "PushTrashAvoidObs.Losses.GAILLoss.mean": {
            "value": 0.27345776976642594,
            "min": 0.24866470882127473,
            "max": 1.1975189170233758,
            "count": 69
        },
        "PushTrashAvoidObs.Losses.GAILLoss.sum": {
            "value": 12.579057409255594,
            "min": 11.687241314599913,
            "max": 43.639425938052156,
            "count": 69
        },
        "PushTrashAvoidObs.Policy.GAILGradMagLoss.mean": {
            "value": 0.03858421289617504,
            "min": 0.03433020412607004,
            "max": 0.07768011956290835,
            "count": 69
        },
        "PushTrashAvoidObs.Policy.GAILGradMagLoss.sum": {
            "value": 1.7748737932240517,
            "min": 0.7895946948996109,
            "max": 3.5732854998937844,
            "count": 69
        },
        "PushTrashAvoidObs.Losses.PretrainingLoss.mean": {
            "value": 0.0,
            "min": 0.0,
            "max": 0.9878375761286666,
            "count": 69
        },
        "PushTrashAvoidObs.Losses.PretrainingLoss.sum": {
            "value": 0.0,
            "min": 0.0,
            "max": 22.72026425095933,
            "count": 69
        },
        "PushTrashAvoidObs.IsTraining.mean": {
            "value": 1.0,
            "min": 1.0,
            "max": 1.0,
            "count": 69
        },
        "PushTrashAvoidObs.IsTraining.sum": {
            "value": 1.0,
            "min": 1.0,
            "max": 1.0,
            "count": 69
        }
    },
    "metadata": {
        "timer_format_version": "0.1.0",
        "start_time_seconds": "1676207450",
        "python_version": "3.7.9 (tags/v3.7.9:13c94747c7, Aug 17 2020, 18:58:18) [MSC v.1900 64 bit (AMD64)]",