{
    "name": "root",
    "gauges": {
        "PushTrashAvoidObs.Policy.Entropy.mean": {
            "value": 1.6790964603424072,
            "min": 1.267204999923706,
            "max": 1.679577350616455,
            "count": 70
        },
        "PushTrashAvoidObs.Policy.Entropy.sum": {
            "value": 169488.0,
            "min": 124309.8515625,
            "max": 169727.359375,
            "count": 70
        },
        "PushTrashAvoidObs.Environment.EpisodeLength.mean": {
            "value": 176.43177892918825,
            "min": 175.71936056838365,
            "max": 871.3581081081081,
            "count": 70
        },
        "PushTrashAvoidObs.Environment.EpisodeLength.sum": {
            "value": 102154.0,
            "min": 31557.0,
            "max": 128961.0,
            "count": 70
        },
        "PushTrashAvoidObs.Step.mean": {
            "value": 6999950.0,
            "min": 99779.0,
            "max": 6999950.0,
            "count": 70
        },
        "PushTrashAvoidObs.Step.sum": {
            "value": 6999950.0,
            "min": 99779.0,
            "max": 6999950.0,
            "count": 70
        },
        "PushTrashAvoidObs.Policy.ExtrinsicValueEstimate.mean": {
            "value": 18.84804916381836,
            "min": 3.446329116821289,
            "max": 18.84804916381836,
            "count": 70
        },
        "PushTrashAvoidObs.Policy.ExtrinsicValueEstimate.sum": {
            "value": 12948.609375,
            "min": 1685.2548828125,
            "max": 12948.609375,
            "count": 70
        },
        "PushTrashAvoidObs.Policy.GailValueEstimate.mean": {
            "value": 0.5121642351150513,
            "min": 0.4814443588256836,
            "max": 3.3622357845306396,
            "count": 70
        },
        "PushTrashAvoidObs.Policy.GailValueEstimate.sum": {
            "value": 351.8568420410156,
            "min": 308.6058349609375,
            "max": 1644.13330078125,
            "count": 70
        },
        "PushTrashAvoidObs.Environment.CumulativeReward.mean": {
            "value": 36.87342274224605,
            "min": 6.197550894886305,
            "max": 37.56075736711194,
            "count": 70
        },
        "PushTrashAvoidObs.Environment.CumulativeReward.sum": {
            "value": 21312.838345018215,
            "min": 923.4350833380595,
            "max": 21312.838345018215,
            "count": 70
        },
        "PushTrashAvoidObs.Policy.ExtrinsicReward.mean": {
            "value": 36.87342274224605,
            "min": 6.197550894886305,
            "max": 37.56075736711194,
            "count": 70
        },
        "PushTrashAvoidObs.Policy.ExtrinsicReward.sum": {
            "value": 21312.838345018215,
            "min": 923.4350833380595,
            "max": 21312.838345018215,
            "count": 70
        },
        "PushTrashAvoidObs.Policy.GailReward.mean": {
            "value": 1.6067507993068215,
            "min": 1.5866906232658446,
            "max": 34.38252841908145,
            "count": 70
        },
        "PushTrashAvoidObs.Policy.GailReward.sum": {
            "value": 928.7019619993429,
            "min": 831.4258865913026,
            "max": 5122.996734443136,
            "count": 70
        },
        "PushTrashAvoidObs.Losses.PolicyLoss.mean": {
            "value": 0.04755134007629638,
            "min": 0.04439895587083027,
            "max": 0.0500943011354432,
            "count": 70
        },
        "PushTrashAvoidObs.Losses.PolicyLoss.sum": {
            "value": 2.23491298358593,
            "min": 1.0631110513588327,
            "max": 2.304337852230387,
            "count": 70
        },
        "PushTrashAvoidObs.Losses.ValueLoss.mean": {
            "value": 10.317353345142564,
            "min": 1.0625715191185028,
            "max": 10.317353345142564,
            "count": 70
        },
        "PushTrashAvoidObs.Losses.ValueLoss.sum": {
            "value": 484.9156072217005,
            "min": 36.127431650029095,
            "max": 484.9156072217005,
            "count": 70
        },
        "PushTrashAvoidObs.Policy.LearningRate.mean": {
            "value": 2.1377150929325227e-06,
            "min": 2.1377150929325227e-06,
            "max": 0.0002978563935716785,
            "count": 70
        },
        "PushTrashAvoidObs.Policy.LearningRate.sum": {
            "value": 0.00010047260936782856,
            "min": 0.00010047260936782856,
            "max": 0.012438980625101815,
            "count": 70
        },
        "PushTrashAvoidObs.Policy.Epsilon.mean": {
            "value": 0.10071253860182373,
            "min": 0.10071253860182373,
            "max": 0.19928546428571428,
            "count": 70
        },
        "PushTrashAvoidObs.Policy.Epsilon.sum": {
            "value": 4.733489314285715,
            "min": 4.384280214285714,
            "max": 8.646326757142857,
            "count": 70
        },
        "PushTrashAvoidObs.Policy.Beta.mean": {
            "value": 8.118260632218843e-05,
            "min": 8.118260632218843e-05,
            "max": 0.009928617882142858,
            "count": 70
        },
        "PushTrashAvoidObs.Policy.Beta.sum": {
            "value": 0.0038155824971428565,
            "min": 0.0038155824971428565,
            "max": 0.41466804303857147,
            "count": 70
        },
        "PushTrashAvoidObs.Policy.GAILPolicyEstimate.mean": {
            "value": 0.056201302589902954,
            "min": 0.053661037088120984,
            "max": 0.4010536888464919,
            "count": 70
        },
        "PushTrashAvoidObs.Policy.GAILPolicyEstimate.sum": {
            "value": 2.641461221725439,
            "min": 2.4684077060535654,
            "max": 12.389555798488745,
            "count": 70
        },
        "PushTrashAvoidObs.Policy.GAILExpertEstimate.mean": {
            "value": 0.9502266610673883,
            "min": 0.6096784823092251,
            "max": 0.9510947565717592,
            "count": 70
        },
        "PushTrashAvoidObs.Policy.GAILExpertEstimate.sum": {
            "value": 44.66065307016725,
            "min": 13.412926610802952,
            "max": 44.66065307016725,
            "count": 70
        },
        "PushTrashAvoidObs.Losses.GAILLoss.mean": {
            "value": 0.15555313995792006,
            "min": 0.14985030636359337,
            "max": 1.1505476353481945,
            "count": 70
        },
        "PushTrashAvoidObs.Losses.GAILLoss.sum": {
            "value": 7.310997578022242,
            "min": 6.893114092725295,
            "max": 33.50233719789666,
            "count": 70
        },
        "PushTrashAvoidObs.Policy.GAILGradMagLoss.mean": {
            "value": 0.032851911702404445,
            "min": 0.03221271645021281,
            "max": 0.12272228669927077,
            "count": 70
        },
        "PushTrashAvoidObs.Policy.GAILGradMagLoss.sum": {
            "value": 1.544039850013009,
            "min": 0.7086797619046817,
            "max": 5.522502901467185,
            "count": 70
        },
        "PushTrashAvoidObs.Losses.PretrainingLoss.mean": {
            "value": 0.0,
            "min": 0.0,
            "max": 1.106594933386155,
            "count": 70
        },
        "PushTrashAvoidObs.Losses.PretrainingLoss.sum": {
            "value": 0.0,
            "min": 0.0,
            "max": 24.34508853449541,
            "count": 70
        },
        "PushTrashAvoidObs.IsTraining.mean": {
            "value": 1.0,
            "min": 1.0,
            "max": 1.0,
            "count": 70
        },
        "PushTrashAvoidObs.IsTraining.sum": {
            "value": 1.0,
            "min": 1.0,
            "max": 1.0,
            "count": 70
        }
    },
    "metadata": {
        "timer_format_version": "0.1.0",
        "start_time_seconds": "1677175594",
        "python_version": "3.7.9 (tags/v3.7.9:13c94747c7, Aug 17 2020, 18:58:18) [MSC v.1900 64 bit (AMD64)]",