{
    "name": "root",
    "gauges": {
        "PushTrashAvoidObs.Policy.Entropy.mean": {
            "value": 1.5696207284927368,
            "min": 1.3100467920303345,
            "max": 1.5709145069122314,
            "count": 50
        },
        "PushTrashAvoidObs.Policy.Entropy.sum": {
            "value": 156679.546875,
            "min": 125205.8515625,
            "max": 169894.546875,
            "count": 50
        },
        "PushTrashAvoidObs.Environment.EpisodeLength.mean": {
            "value": 173.340830449827,
            "min": 169.52869565217392,
            "max": 870.5704697986578,
            "count": 50
        },
        "PushTrashAvoidObs.Environment.EpisodeLength.sum": {
            "value": 100191.0,
            "min": 31453.0,
            "max": 129715.0,
            "count": 50
        },
        "PushTrashAvoidObs.Step.mean": {
            "value": 4999990.0,
            "min": 99907.0,
            "max": 4999990.0,
            "count": 50
        },
        "PushTrashAvoidObs.Step.sum": {
            "value": 4999990.0,
            "min": 99907.0,
            "max": 4999990.0,
            "count": 50
        },
        "PushTrashAvoidObs.Policy.ExtrinsicValueEstimate.mean": {
            "value": 17.57318687438965,
            "min": 3.575352191925049,
            "max": 18.218589782714844,
            "count": 50
        },
        "PushTrashAvoidObs.Policy.ExtrinsicValueEstimate.sum": {
            "value": 12002.486328125,
            "min": 1741.196533203125,
            "max": 12315.7666015625,
            "count": 50
        },
        "PushTrashAvoidObs.Policy.GailValueEstimate.mean": {
            "value": 0.6245744228363037,
            "min": 0.4838622808456421,
            "max": 2.0349903106689453,
            "count": 50
        },
        "PushTrashAvoidObs.Policy.GailValueEstimate.sum": {
            "value": 426.5843505859375,
            "min": 327.57476806640625,
            "max": 966.6204223632812,
            "count": 50
        },
        "PushTrashAvoidObs.Environment.CumulativeReward.mean": {
            "value": 35.26935882207839,
            "min": 9.899941036396429,
            "max": 36.299012882601275,
            "count": 50
        },
        "PushTrashAvoidObs.Environment.CumulativeReward.sum": {
            "value": 20350.42004033923,
            "min": 1475.0912144230679,
            "max": 21053.42747190874,
            "count": 50
        },
        "PushTrashAvoidObs.Policy.ExtrinsicReward.mean": {
            "value": 35.26935882207839,
            "min": 9.899941036396429,
            "max": 36.299012882601275,
            "count": 50
        },
        "PushTrashAvoidObs.Policy.ExtrinsicReward.sum": {
            "value": 20350.42004033923,
            "min": 1475.0912144230679,
            "max": 21053.42747190874,
            "count": 50
        },
        "PushTrashAvoidObs.Policy.GailReward.mean": {
            "value": 1.9621405679565866,
            "min": 1.6508686328848248,
            "max": 20.659439482892946,
            "count": 50
        },
        "PushTrashAvoidObs.Policy.GailReward.sum": {
            "value": 1132.1551077109505,
            "min": 921.8161074488978,
            "max": 3078.256482951049,
            "count": 50
        },
        "PushTrashAvoidObs.Losses.PolicyLoss.mean": {
            "value": 0.04539326066780499,
            "min": 0.0449094593022379,
            "max": 0.05179354585748165,
            "count": 50
        },
        "PushTrashAvoidObs.Losses.PolicyLoss.sum": {
            "value": 2.1334832513868345,
            "min": 1.0876644630071146,
            "max": 2.2972871201899228,
            "count": 50
        },
        "PushTrashAvoidObs.Losses.ValueLoss.mean": {
            "value": 2.697051184103656,
            "min": 0.39550662795206804,
            "max": 2.9670260663889647,
            "count": 50
        },
        "PushTrashAvoidObs.Losses.ValueLoss.sum": {
            "value": 126.76140565287183,
            "min": 16.45094706510646,
            "max": 136.48319905389238,
            "count": 50
        },
        "PushTrashAvoidObs.Policy.LearningRate.mean": {
            "value": 3.0215036737161713e-06,
            "min": 3.0215036737161713e-06,
            "max": 0.000296628149695379,
            "count": 50
        },
        "PushTrashAvoidObs.Policy.LearningRate.sum": {
            "value": 0.00014201067266466006,
            "min": 0.00014201067266466006,
            "max": 0.012286117424627657,
            "count": 50
        },
        "PushTrashAvoidObs.Policy.Epsilon.mean": {
            "value": 0.10100713489361703,
            "min": 0.10100713489361703,
            "max": 0.19887604952380955,
            "count": 50
        },
        "PushTrashAvoidObs.Policy.Epsilon.sum": {
            "value": 4.74733534,
            "min": 4.17639704,
            "max": 8.59537234,
            "count": 50
        },
        "PushTrashAvoidObs.Policy.Beta.mean": {
            "value": 0.00011061277587234046,
            "min": 0.00011061277587234046,
            "max": 0.009887717347428573,
            "count": 50
        },
        "PushTrashAvoidObs.Policy.Beta.sum": {
            "value": 0.0051988004660000016,
            "min": 0.0051988004660000016,
            "max": 0.409577696766,
            "count": 50
        },
        "PushTrashAvoidObs.Policy.GAILPolicyEstimate.mean": {
            "value": 0.059330929975613206,
            "min": 0.05128463954681075,
            "max": 0.07225016014510652,
            "count": 50
        },
        "PushTrashAvoidObs.Policy.GAILPolicyEstimate.sum": {
            "value": 2.788553708853821,
            "min": 1.517253363047237,
            "max": 3.294725810132352,
            "count": 50
        },
        "PushTrashAvoidObs.Policy.GAILExpertEstimate.mean": {
            "value": 0.9464295498316357,
            "min": 0.927516555681886,
            "max": 0.9521700532048125,
            "count": 50
        },
        "PushTrashAvoidObs.Policy.GAILExpertEstimate.sum": {
            "value": 44.48218884208688,
            "min": 19.565114748799175,
            "max": 44.57691283303278,
            "count": 50
        },
        "PushTrashAvoidObs.Losses.GAILLoss.mean": {
            "value": 0.16954383159304362,
            "min": 0.14271463326713887,
            "max": 0.24375183372713338,
            "count": 50
        },
        "PushTrashAvoidObs.Losses.GAILLoss.sum": {
            "value": 7.96856008487305,
            "min": 4.479915605641376,
            "max": 11.212584351448136,
            "count": 50
        },
        "PushTrashAvoidObs.Policy.GAILGradMagLoss.mean": {
            "value": 0.03846103929249618,
            "min": 0.03477619628703112,
            "max": 0.06546781638832647,
            "count": 50
        },
        "PushTrashAvoidObs.Policy.GAILGradMagLoss.sum": {
            "value": 1.8076688467473205,
            "min": 1.1429939780449168,
            "max": 2.9460517374746913,
            "count": 50
        },
        "PushTrashAvoidObs.Losses.PretrainingLoss.mean": {
            "value": 0.0,
            "min": 0.0,
            "max": 1.2285112081741798,
            "count": 50
        },
        "PushTrashAvoidObs.Losses.PretrainingLoss.sum": {
            "value": 0.0,
            "min": 0.0,
            "max": 25.798735371657777,
            "count": 50
        },
        "PushTrashAvoidObs.IsTraining.mean": {
            "value": 1.0,
            "min": 1.0,
            "max": 1.0,
            "count": 50
        },
        "PushTrashAvoidObs.IsTraining.sum": {
            "value": 1.0,
            "min": 1.0,
            "max": 1.0,
            "count": 50
        }
    },
    "metadata": {
        "timer_format_version": "0.1.0",
        "start_time_seconds": "1676197122",
        "python_version": "3.7.9 (tags/v3.7.9:13c94747c7, Aug 17 2020, 18:58:18) [MSC v.1900 64 bit (AMD64)]",