{
    "name": "root",
    "gauges": {
        "PushTrashAvoidObs.Policy.Entropy.mean": {
            "value": 1.8490811586380005,
            "min": 1.3979777097702026,
            "max": 1.8504128456115723,
            "count": 70
        },
        "PushTrashAvoidObs.Policy.Entropy.sum": {
            "value": 185610.765625,
            "min": 128901.328125,
            "max": 189262.984375,
            "count": 70
        },
        "PushTrashAvoidObs.Environment.EpisodeLength.mean": {
            "value": 225.85354691075514,
            "min": 190.19917864476386,
            "max": 920.23,
            "count": 70
        },
        "PushTrashAvoidObs.Environment.EpisodeLength.sum": {
            "value": 98698.0,
            "min": 33756.0,
            "max": 125652.0,
            "count": 70
        },
        "PushTrashAvoidObs.Step.mean": {
            "value": 6999871.0,
            "min": 99917.0,
            "max": 6999871.0,
            "count": 70
        },
        "PushTrashAvoidObs.Step.sum": {
            "value": 6999871.0,
            "min": 99917.0,
            "max": 6999871.0,
            "count": 70
        },
        "PushTrashAvoidObs.Policy.ExtrinsicValueEstimate.mean": {
            "value": 14.096663475036621,
            "min": 2.071807384490967,
            "max": 16.547704696655273,
            "count": 70
        },
        "PushTrashAvoidObs.Policy.ExtrinsicValueEstimate.sum": {
            "value": 8598.96484375,
            "min": 961.5630493164062,
            "max": 10458.1494140625,
            "count": 70
        },
        "PushTrashAvoidObs.Policy.GailValueEstimate.mean": {
            "value": 0.36860620975494385,
            "min": 0.3496876060962677,
            "max": 1.539555549621582,
            "count": 70
        },
        "PushTrashAvoidObs.Policy.GailValueEstimate.sum": {
            "value": 224.84979248046875,
            "min": 218.55474853515625,
            "max": 740.5262451171875,
            "count": 70
        },
        "PushTrashAvoidObs.Environment.CumulativeReward.mean": {
            "value": 33.25851746585894,
            "min": 5.701678339636674,
            "max": 36.12938888735709,
            "count": 70
        },
        "PushTrashAvoidObs.Environment.CumulativeReward.sum": {
            "value": 14533.972132580355,
            "min": 579.2504561711103,
            "max": 17077.52335868869,
            "count": 70
        },
        "PushTrashAvoidObs.Policy.ExtrinsicReward.mean": {
            "value": 33.25851746585894,
            "min": 5.701678339636674,
            "max": 36.12938888735709,
            "count": 70
        },
        "PushTrashAvoidObs.Policy.ExtrinsicReward.sum": {
            "value": 14533.972132580355,
            "min": 579.2504561711103,
            "max": 17077.52335868869,
            "count": 70
        },
        "PushTrashAvoidObs.Policy.GailReward.mean": {
            "value": 1.3969097683199077,
            "min": 1.2035099076527138,
            "max": 13.76634001849165,
            "count": 70
        },
        "PushTrashAvoidObs.Policy.GailReward.sum": {
            "value": 610.4495687557996,
            "min": 554.818067427901,
            "max": 1849.0170069448816,
            "count": 70
        },
        "PushTrashAvoidObs.Losses.PolicyLoss.mean": {
            "value": 0.04825441324432667,
            "min": 0.04427208224234949,
            "max": 0.053225670249490896,
            "count": 70
        },
        "PushTrashAvoidObs.Losses.PolicyLoss.sum": {
            "value": 2.2679574224833536,
            "min": 1.2241904157382906,
            "max": 2.2679574224833536,
            "count": 70
        },
        "PushTrashAvoidObs.Losses.ValueLoss.mean": {
            "value": 8.379428583350682,
            "min": 0.6795016659047866,
            "max": 9.366356654587575,
            "count": 70
        },
        "PushTrashAvoidObs.Losses.ValueLoss.sum": {
            "value": 393.83314341748206,
            "min": 21.74405330895317,
            "max": 430.8524061110285,
            "count": 70
        },
        "PushTrashAvoidObs.Policy.LearningRate.mean": {
            "value": 2.1716624980300926e-06,
            "min": 2.1716624980300926e-06,
            "max": 0.0002976210026563534,
            "count": 70
        },
        "PushTrashAvoidObs.Policy.LearningRate.sum": {
            "value": 0.00010206813740741436,
            "min": 0.00010206813740741436,
            "max": 0.012246922446264085,
            "count": 70
        },
        "PushTrashAvoidObs.Policy.Epsilon.mean": {
            "value": 0.10072385440729484,
            "min": 0.10072385440729484,
            "max": 0.199207000621118,
            "count": 70
        },
        "PushTrashAvoidObs.Policy.Epsilon.sum": {
            "value": 4.734021157142857,
            "min": 4.581761014285714,
            "max": 8.582307342857144,
            "count": 70
        },
        "PushTrashAvoidObs.Policy.Beta.mean": {
            "value": 8.231305528875385e-05,
            "min": 8.231305528875385e-05,
            "max": 0.00992077936204969,
            "count": 70
        },
        "PushTrashAvoidObs.Policy.Beta.sum": {
            "value": 0.003868713598571431,
            "min": 0.003868713598571431,
            "max": 0.4082725035514286,
            "count": 70
        },
        "PushTrashAvoidObs.Policy.GAILPolicyEstimate.mean": {
            "value": 0.03588992824814289,
            "min": 0.03588992824814289,
            "max": 0.04889026205857866,
            "count": 70
        },
        "PushTrashAvoidObs.Policy.GAILPolicyEstimate.sum": {
            "value": 1.6868266276627157,
            "min": 1.1143437152410354,
            "max": 2.2245948347112128,
            "count": 70
        },
        "PushTrashAvoidObs.Policy.GAILExpertEstimate.mean": {
            "value": 0.9687760494843162,
            "min": 0.9551427616602108,
            "max": 0.9687760494843162,
            "count": 70
        },
        "PushTrashAvoidObs.Policy.GAILExpertEstimate.sum": {
            "value": 45.53247432576286,
            "min": 22.005644257878412,
            "max": 45.53247432576286,
            "count": 70
        },
        "PushTrashAvoidObs.Losses.GAILLoss.mean": {
            "value": 0.0994312646468533,
            "min": 0.0973594102261651,
            "max": 0.14659310179751042,
            "count": 70
        },
        "PushTrashAvoidObs.Losses.GAILLoss.sum": {
            "value": 4.673269438402105,
            "min": 3.236307143271973,
            "max": 6.596689580887969,
            "count": 70
        },
        "PushTrashAvoidObs.Policy.GAILGradMagLoss.mean": {
            "value": 0.034055855151414384,
            "min": 0.02731350615766491,
            "max": 0.03896905591777202,
            "count": 70
        },
        "PushTrashAvoidObs.Policy.GAILGradMagLoss.sum": {
            "value": 1.600625192116476,
            "min": 0.8714645404508572,
            "max": 1.792576572217513,
            "count": 70
        },
        "PushTrashAvoidObs.Losses.PretrainingLoss.mean": {
            "value": 0.0,
            "min": 0.0,
            "max": 1.4771287753250695,
            "count": 70
        },
        "PushTrashAvoidObs.Losses.PretrainingLoss.sum": {
            "value": 0.0,
            "min": 0.0,
            "max": 33.9739618324766,
            "count": 70
        },
        "PushTrashAvoidObs.IsTraining.mean": {
            "value": 1.0,
            "min": 1.0,
            "max": 1.0,
            "count": 70
        },
        "PushTrashAvoidObs.IsTraining.sum": {
            "value": 1.0,
            "min": 1.0,
            "max": 1.0,
            "count": 70
        }
    },
    "metadata": {
        "timer_format_version": "0.1.0",
        "start_time_seconds": "1677240557",
        "python_version": "3.7.9 (tags/v3.7.9:13c94747c7, Aug 17 2020, 18:58:18) [MSC v.1900 64 bit (AMD64)]",