{
    "name": "root",
    "gauges": {
        "PushTrashAvoidObs.Policy.Entropy.mean": {
            "value": 1.6451739072799683,
            "min": 1.3693640232086182,
            "max": 1.6471595764160156,
            "count": 70
        },
        "PushTrashAvoidObs.Policy.Entropy.sum": {
            "value": 164392.359375,
            "min": 118731.90625,
            "max": 168331.453125,
            "count": 70
        },
        "PushTrashAvoidObs.Step.mean": {
            "value": 6999998.0,
            "min": 99994.0,
            "max": 6999998.0,
            "count": 70
        },
        "PushTrashAvoidObs.Step.sum": {
            "value": 6999998.0,
            "min": 99994.0,
            "max": 6999998.0,
            "count": 70
        },
        "PushTrashAvoidObs.Policy.ExtrinsicValueEstimate.mean": {
            "value": 13.972519874572754,
            "min": 1.0136783123016357,
            "max": 13.972519874572754,
            "count": 70
        },
        "PushTrashAvoidObs.Policy.ExtrinsicValueEstimate.sum": {
            "value": 10772.8125,
            "min": 491.6340026855469,
            "max": 10772.8125,
            "count": 70
        },
        "PushTrashAvoidObs.Policy.GailValueEstimate.mean": {
            "value": 0.7181099653244019,
            "min": -0.0740601122379303,
            "max": 3.6739706993103027,
            "count": 70
        },
        "PushTrashAvoidObs.Policy.GailValueEstimate.sum": {
            "value": 553.6627807617188,
            "min": -29.03156280517578,
            "max": 1520.19287109375,
            "count": 70
        },
        "PushTrashAvoidObs.Losses.PolicyLoss.mean": {
            "value": 0.04823643537734457,
            "min": 0.043975885564619614,
            "max": 0.04965227642180891,
            "count": 70
        },
        "PushTrashAvoidObs.Losses.PolicyLoss.sum": {
            "value": 2.2188760273578505,
            "min": 0.09930455284361782,
            "max": 2.25127465444651,
            "count": 70
        },
        "PushTrashAvoidObs.Losses.ValueLoss.mean": {
            "value": 1.606326894183762,
            "min": 0.018264949351144637,
            "max": 1.606326894183762,
            "count": 70
        },
        "PushTrashAvoidObs.Losses.ValueLoss.sum": {
            "value": 73.89103713245305,
            "min": 0.036529898702289273,
            "max": 73.89103713245305,
            "count": 70
        },
        "PushTrashAvoidObs.Policy.LearningRate.mean": {
            "value": 2.143498664415526e-06,
            "min": 2.143498664415526e-06,
            "max": 0.0002978276578669713,
            "count": 70
        },
        "PushTrashAvoidObs.Policy.LearningRate.sum": {
            "value": 9.86009385631142e-05,
            "min": 9.86009385631142e-05,
            "max": 0.011090357646071528,
            "count": 70
        },
        "PushTrashAvoidObs.Policy.Epsilon.mean": {
            "value": 0.10071446645962734,
            "min": 0.10071446645962734,
            "max": 0.19927588571428567,
            "count": 70
        },
        "PushTrashAvoidObs.Policy.Epsilon.sum": {
            "value": 4.632865457142858,
            "min": 0.39855177142857134,
            "max": 8.196785614285716,
            "count": 70
        },
        "PushTrashAvoidObs.Policy.Beta.mean": {
            "value": 8.137519931677012e-05,
            "min": 8.137519931677012e-05,
            "max": 0.00992766098285714,
            "count": 70
        },
        "PushTrashAvoidObs.Policy.Beta.sum": {
            "value": 0.0037432591685714256,
            "min": 0.0037432591685714256,
            "max": 0.3697588828671429,
            "count": 70
        },
        "PushTrashAvoidObs.Policy.GAILPolicyEstimate.mean": {
            "value": 0.08396610672133502,
            "min": 0.08396610672133502,
            "max": 0.28902909447189196,
            "count": 70
        },
        "PushTrashAvoidObs.Policy.GAILPolicyEstimate.sum": {
            "value": 3.862440909181411,
            "min": 0.5529652261974836,
            "max": 13.00630925123514,
            "count": 70
        },
        "PushTrashAvoidObs.Policy.GAILExpertEstimate.mean": {
            "value": 0.9180974688758884,
            "min": 0.7133250050246716,
            "max": 0.9180974688758884,
            "count": 70
        },
        "PushTrashAvoidObs.Policy.GAILExpertEstimate.sum": {
            "value": 42.23248356829087,
            "min": 1.426650010049343,
            "max": 43.247513713936016,
            "count": 70
        },
        "PushTrashAvoidObs.Losses.GAILLoss.mean": {
            "value": 0.23920579585839127,
            "min": 0.23920579585839127,
            "max": 0.7713318591525591,
            "count": 70
        },
        "PushTrashAvoidObs.Losses.GAILLoss.sum": {
            "value": 11.003466609485999,
            "min": 1.4696350755414578,
            "max": 34.70993366186516,
            "count": 70
        },
        "PushTrashAvoidObs.Policy.GAILGradMagLoss.mean": {
            "value": 0.04252541554399433,
            "min": 0.041936363422779156,
            "max": 0.6036869866086754,
            "count": 70
        },
        "PushTrashAvoidObs.Policy.GAILGradMagLoss.sum": {
            "value": 1.9561691150237392,
            "min": 0.4136386170224853,
            "max": 3.958343320704921,
            "count": 70
        },
        "PushTrashAvoidObs.Losses.PretrainingLoss.mean": {
            "value": 0.0,
            "min": 0.0,
            "max": 1.0629137804110846,
            "count": 70
        },
        "PushTrashAvoidObs.Losses.PretrainingLoss.sum": {
            "value": 0.0,
            "min": 0.0,
            "max": 2.1258275608221693,
            "count": 70
        },
        "PushTrashAvoidObs.Environment.EpisodeLength.mean": {
            "value": 139.07681365576101,
            "min": 139.07681365576101,
            "max": 1069.1851851851852,
            "count": 70
        },
        "PushTrashAvoidObs.Environment.EpisodeLength.sum": {
            "value": 97771.0,
            "min": 1176.0,
            "max": 144340.0,
            "count": 70
        },
        "PushTrashAvoidObs.Environment.CumulativeReward.mean": {
            "value": 25.74375674371313,
            "min": 0.9165319584172081,
            "max": 29.89290725439787,
            "count": 70
        },
        "PushTrashAvoidObs.Environment.CumulativeReward.sum": {
            "value": 18072.117234086618,
            "min": 59.78581450879574,
            "max": 18072.117234086618,
            "count": 70
        },
        "PushTrashAvoidObs.Policy.ExtrinsicReward.mean": {
            "value": 25.74375674371313,
            "min": 0.9165319584172081,
            "max": 29.89290725439787,
            "count": 70
        },
        "PushTrashAvoidObs.Policy.ExtrinsicReward.sum": {
            "value": 18072.117234086618,
            "min": 59.78581450879574,
            "max": 18072.117234086618,
            "count": 70
        },
        "PushTrashAvoidObs.Policy.GailReward.mean": {
            "value": 2.1553937489479877,
            "min": 2.1553937489479877,
            "max": 36.58423385545049,
            "count": 70
        },
        "PushTrashAvoidObs.Policy.GailReward.sum": {
            "value": 1513.0864117614874,
            "min": 55.81781625747681,
            "max": 4682.781933497663,
            "count": 70
        },
        "PushTrashAvoidObs.IsTraining.mean": {
            "value": 1.0,
            "min": 1.0,
            "max": 1.0,
            "count": 70
        },
        "PushTrashAvoidObs.IsTraining.sum": {
            "value": 1.0,
            "min": 1.0,
            "max": 1.0,
            "count": 70
        }
    },
    "metadata": {
        "timer_format_version": "0.1.0",
        "start_time_seconds": "1676111268",
        "python_version": "3.7.9 (tags/v3.7.9:13c94747c7, Aug 17 2020, 18:58:18) [MSC v.1900 64 bit (AMD64)]",